{"name":"eb1bd15b-b600-49d4-99cc-61cdb444a690","id":"/providers/Microsoft.Flow/flows/eb1bd15b-b600-49d4-99cc-61cdb444a690","type":"Microsoft.Flow/flows","properties":{"apiId":"/providers/Microsoft.PowerApps/apis/shared_logicflows","displayName":"Invoca New Campaign Entries Trigger","definition":{"metadata":{"workflowEntityId":null,"processAdvisorMetadata":null,"flowChargedByPaygo":null,"flowclientsuspensionreason":"None","flowclientsuspensiontime":null,"flowclientsuspensionreasondetails":null,"creator":{"id":"64b911e4-871e-47e7-b8d8-59fe618728be","type":"User","tenantId":"e9651574-070e-4cd9-9527-421e7044828d"},"provisioningMethod":"FromDefinition","failureAlertSubscription":true,"clientLastModifiedTime":"2023-08-04T20:22:04.6659583Z","connectionKeySavedTimeKey":"2024-02-05T05:41:32.2957122Z"},"$schema":"https://schema.management.azure.com/providers/Microsoft.Logic/schemas/2016-06-01/workflowdefinition.json#","contentVersion":"1.0.0.0","parameters":{"$connections":{"defaultValue":{},"type":"Object"},"$authentication":{"defaultValue":{},"type":"SecureObject"}},"triggers":{"When_a_data_driven_alert_is_triggered":{"recurrence":{"frequency":"Minute","interval":5},"metadata":{"operationMetadataId":"d36ddff0-8baa-4458-a661-6a0cad6e3d0b"},"type":"OpenApiConnection","inputs":{"host":{"apiId":"/providers/Microsoft.PowerApps/apis/shared_powerbi","connectionName":"shared_powerbi","operationId":"CheckAlertStatus"},"parameters":{"alertId":"5c8bc597-4eba-485e-93ba-2e2291d9c804_"},"authentication":"@parameters('$authentication')"}}},"actions":{"Send_an_email_notification_(V3)":{"runAfter":{},"metadata":{"operationMetadataId":"07f6dfa3-19f9-485f-aa90-d96f6e01b5a2"},"type":"OpenApiConnection","inputs":{"host":{"apiId":"/providers/Microsoft.PowerApps/apis/shared_sendmail","connectionName":"shared_sendmail","operationId":"SendEmailV3"},"parameters":{"request/to":"lpugliese@bfyt.com;mmassey@bfyt.com;szerpa@bfyt.com;moconnell@bfyt.com;","request/subject":"Invoca: Alert Triggered by New Entries to Unmapped Campaigns","request/text":"<p>Hello Team,<br>\n<br>\nNumber of Calls within 15 days: @{triggerOutputs()?['body/tileValue']}<br>\n<br>\nLink to Dashboard: @{triggerOutputs()?['body/tileUrl']}<br>\n<br>\n<br>\n<br>\nCONFIDENTIALITY NOTICE (HIPAA Compliance): The information contained in this e-mail message, including any attachments, is for the sole use of the intended recipient(s) and may contain confidential and privileged information. Any unauthorized review, use, disclosure or distribution is prohibited. If you are not the intended recipient, and have received this communication in error, please contact the sender by reply e-mail and destroy all copies of the original message. Thank you.<br>\n</p>"},"authentication":"@parameters('$authentication')"}}}},"connectionReferences":{"shared_sendmail":{"connectionName":"shared-sendmail-43ee3412-ea68-4303-b027-b9a9-f70aced6","source":"Embedded","id":"/providers/Microsoft.PowerApps/apis/shared_sendmail","tier":"NotSpecified"},"shared_powerbi":{"connectionName":"shared-powerbi-c7e4dadb-1d6a-4fbf-8c89-f1c2-e75f868e","source":"Embedded","id":"/providers/Microsoft.PowerApps/apis/shared_powerbi","tier":"NotSpecified"}},"flowFailureAlertSubscribed":false,"isManaged":false}}